{"cameraMode":{"drawMode":0,"name":"Shaded","section":"Shading Mode"},"sceneLighting":false,"audioPlay":false,"sceneViewState":{"showFog":true,"showMaterialUpdate":false,"showSkybox":false,"showFlares":true,"showImageEffects":true,"showParticleSystems":true},"in2DMode":false,"pivot":{"x":5.180306434631348,"y":1.725293517112732,"z":6.510821342468262},"rotation":{"x":-0.1368245780467987,"y":0.8519472479820252,"z":-0.2747824192047119,"w":-0.4242209792137146},"size":2.7682149410247804,"orthographic":false}