{"cameraMode":{"drawMode":0,"name":"Shaded","section":"Shading Mode"},"sceneLighting":false,"audioPlay":false,"sceneViewState":{"showFog":true,"showMaterialUpdate":false,"showSkybox":false,"showFlares":true,"showImageEffects":true,"showParticleSystems":true},"in2DMode":false,"pivot":{"x":7.480363368988037,"y":1.725293517112732,"z":2.502876043319702},"rotation":{"x":-0.11967548727989197,"y":0.8803163170814514,"z":-0.3223385810852051,"w":-0.32683873176574709},"size":2.768214702606201,"orthographic":false}